--Alter the PRODUCTLIST table to include a PRICE and DESCRIPTION column
ALTER TABLE PRODUCTLIST 
ADD PRICE NUMBER (6,2);
 
ALTER TABLE PRODUCTLIST 
ADD DESCRIPTION VARCHAR2(250 BYTE);
 
--- Write a series of update statements to move the price and description data stored within STOREFRONT to the new columns in PRODUCTLIST
UPDATE PRODUCTLIST 
SET PRICE = 22.22, DESCRIPTION = 'The next big indie game of the year!'
WHERE PRODUCTCODE = 'GAME1';
 
UPDATE PRODUCTLIST 
SET PRICE = 65.43, DESCRIPTION = 'One of these things is NOT like the other…'
WHERE PRODUCTCODE = 'GAME2';
 
UPDATE PRODUCTLIST 
SET PRICE = 18.92, DESCRIPTION = 'Do you like building? Resource Collecting? Civilization Management? This is the game for you!'
WHERE PRODUCTCODE = 'GAME3';
 
UPDATE PRODUCTLIST 
SET PRICE = 27.25, DESCRIPTION = 'The greatest follow-up to Heist Auto III.'
WHERE PRODUCTCODE = 'GAME4';
 
UPDATE PRODUCTLIST 
SET PRICE = 55.99, DESCRIPTION = 'A little bit of puzzle, a lot of momentum. Don''t be left behind and make your way through the Doorway.'
WHERE PRODUCTCODE = 'GAME5';
 
UPDATE PRODUCTLIST 
SET PRICE = 75, DESCRIPTION = 'Gather a group of friends and secure the strongest bunker on the server.'
WHERE PRODUCTCODE = 'GAME6';
 
UPDATE PRODUCTLIST 
SET PRICE = 5.98, DESCRIPTION = 'There can only be one lord. Will it be you?'
WHERE PRODUCTCODE = 'GAME7';
 
UPDATE PRODUCTLIST 
SET PRICE = 118.56, DESCRIPTION = 'Take the table to the internet! Now experience a virtual playspace for you and your buddies.'
WHERE PRODUCTCODE = 'GAME8';
 
UPDATE PRODUCTLIST 
SET PRICE = 33.48, DESCRIPTION = 'Will this series ever end? Of course not! Play the next big town management game here!'
WHERE PRODUCTCODE = 'GAME9';
 
UPDATE PRODUCTLIST 
SET PRICE = 12.25, DESCRIPTION = 'The greatest musical composers came together to make this not only visually appealing, but an auditory masterpiece.'
WHERE PRODUCTCODE = 'RPG10';
 
UPDATE PRODUCTLIST 
SET PRICE = 190.11, DESCRIPTION = 'Platformers? No Way! Puzzles are the way to go.'
WHERE PRODUCTCODE = 'PZL11';
 
UPDATE PRODUCTLIST 
SET PRICE = 35.27, DESCRIPTION = 'A beautiful stylized game that takes you on through a mysterious adventure.'
WHERE PRODUCTCODE = 'GME12';
 
UPDATE PRODUCTLIST 
SET PRICE = 49.97, DESCRIPTION = 'Take turns between you and the enemy! Fight offline and online in Loudest World!'
WHERE PRODUCTCODE = 'GME13';
 
UPDATE PRODUCTLIST 
SET PRICE = 72.26, DESCRIPTION = 'Click your way through this visual novel where your choice ultimately matter!'
WHERE PRODUCTCODE = 'VNL14';
 
UPDATE PRODUCTLIST 
SET PRICE = 50.01, DESCRIPTION = 'A solid choice every time. Every game is like stepping into a whole new world.'
WHERE PRODUCTCODE = 'GME15';
 
--CREATE A NEWTABLE WITH STOREFRONT INFORMATION JUST IN CASE
CREATE TABLE STOREFRONT1 AS 
SELECT *
FROM STOREFRONT
 
--○  Drop the STOREFRONT table
DROP TABLE STOREFRONT;
UPDATE PRODUCTLIST
SET (price, description) = (
  SELECT price, description
  FROM STOREFRONT
  WHERE STOREFRONT.PRODUCTCODE = PRODUCTLIST.PRODUCTCODE)



 DROP table storefront 


CREATE TABLE CHATLOG (
  CHATID      NUMBER(3),
  RECEIVERID  NUMBER(3),
  SENDERID    NUMBER(3),
  DATESENT    DATE,
  CONTENT     VARCHAR2(250),

  CONSTRAINT PK_CHATLOG PRIMARY KEY (CHATID),
  CONSTRAINT FK_RECEIVER FOREIGN KEY (RECEIVERID) REFERENCES USERBASE(USERID),
  CONSTRAINT FK_SENDER FOREIGN KEY (SENDERID) REFERENCES USERBASE(USERID)

—-insert same data in chatlog
-- Insert sample data into CHATLOG
INSERT INTO CHATLOG VALUES (1, 201, 101, TO_DATE('2025-01-01', 'YYYY-MM-DD'), 'Hey, did you finish the quest?');
INSERT INTO CHATLOG VALUES (2, 202, 101, TO_DATE('2025-01-02', 'YYYY-MM-DD'), 'Level up complete!');
INSERT INTO CHATLOG VALUES (3, 203, 102, TO_DATE('2025-01-03', 'YYYY-MM-DD'), 'Need help with the boss fight?');
INSERT INTO CHATLOG VALUES (4, 201, 204, TO_DATE('2025-01-04', 'YYYY-MM-DD'), 'Game night at 8?');
INSERT INTO CHATLOG VALUES (5, 202, 203, TO_DATE('2025-01-05', 'YYYY-MM-DD'), 'I sent the invite link.');
INSERT INTO CHATLOG VALUES (6, 204, 101, TO_DATE('2025-01-06', 'YYYY-MM-DD'), 'Where did you find the key?');
INSERT INTO CHATLOG VALUES (7, 101, 202, TO_DATE('2025-01-07', 'YYYY-MM-DD'), 'Just unlocked a new skill!');
INSERT INTO CHATLOG VALUES (8, 201, 203, TO_DATE('2025-01-08', 'YYYY-MM-DD'), 'Try a different strategy.');
INSERT INTO CHATLOG VALUES (9, 202, 204, TO_DATE('2025-01-09', 'YYYY-MM-DD'), 'I got disconnected.');
INSERT INTO CHATLOG VALUES (10, 203, 101, TO_DATE('2025-01-10', 'YYYY-MM-DD'), 'Good match today!');
INSERT INTO CHATLOG VALUES (11, 204, 202, TO_DATE('2025-01-11', 'YYYY-MM-DD'), 'Join our team chat.');
INSERT INTO CHATLOG VALUES (12, 101, 204, TO_DATE('2025-01-12', 'YYYY-MM-DD'), 'Your defense build is strong!');
INSERT INTO CHATLOG VALUES (13, 203, 202, TO_DATE('2025-01-13', 'YYYY-MM-DD'), 'Let’s form a squad.');
INSERT INTO CHATLOG VALUES (14, 202, 101, TO_DATE('2025-01-14', 'YYYY-MM-DD'), 'Don’t forget to save.');
INSERT INTO CHATLOG VALUES (15, 101, 203, TO_DATE('2025-01-15', 'YYYY-MM-DD'), 'Challenge accepted!');

——CREATE TABLE FRIENDSLIST (
  USERID    NUMBER(3),
  FRIENDID  NUMBER(3),

  CONSTRAINT PK_FRIEND PRIMARY KEY (USERID, FRIENDID),
  CONSTRAINT FK_USER FOREIGN KEY (USERID) REFERENCES USERBASE(USERID),
  CONSTRAINT FK_FRIEND FOREIGN KEY (FRIENDID) REFERENCES USERBASE(USERID)
);

—sample data friends list 
NSERT INTO FRIENDSLIST VALUES (101, 102);
INSERT INTO FRIENDSLIST VALUES (101, 103);
INSERT INTO FRIENDSLIST VALUES (102, 101);
INSERT INTO FRIENDSLIST VALUES (102, 104);
INSERT INTO FRIENDSLIST VALUES (103, 105);
INSERT INTO FRIENDSLIST VALUES (104, 106);
INSERT INTO FRIENDSLIST VALUES (105, 101);
INSERT INTO FRIENDSLIST VALUES (106, 107);
INSERT INTO FRIENDSLIST VALUES (107, 108);
INSERT INTO FRIENDSLIST VALUES (108, 109);
INSERT INTO FRIENDSLIST VALUES (109, 110);
INSERT INTO FRIENDSLIST VALUES (110, 101);
INSERT INTO FRIENDSLIST VALUES (101, 106);
INSERT INTO FRIENDSLIST VALUES (102, 107);
INSERT INTO FRIENDSLIST VALUES (103, 109);


CREATE TABLE WISHLIST (
  USERID       NUMBER(3),
  PRODUCTCODE  VARCHAR2(5),
  POSITION     NUMBER(3),

  CONSTRAINT PK_WISHLIST PRIMARY KEY (USERID, PRODUCTCODE),
  CONSTRAINT FK_WISHLIST_USER FOREIGN KEY (USERID) REFERENCES USERBASE(USERID),
  CONSTRAINT FK_WISHLIST_PRODUCT FOREIGN KEY (PRODUCTCODE) REFERENCES PRODUCTLIST(PRODUCTCODE)
);


INSERT INTO WISHLIST VALUES (101, 'GAME1', 1);
INSERT INTO WISHLIST VALUES (101, 'GAME2', 2);
INSERT INTO WISHLIST VALUES (102, 'GAME3', 1);
INSERT INTO WISHLIST VALUES (103, 'GAME5', 1);
INSERT INTO WISHLIST VALUES (104, 'GME12', 1);



CREATE TABLE USERPROFILE (  USERID      NUMBER(3),  IMAGEFILE   VARCHAR2(250),  DESCRIPTION VARCHAR2(250),
 
  CONSTRAINT PK_USERPROFILE PRIMARY KEY (USERID),  CONSTRAINT FK_USERPROFILE_USER FOREIGN KEY (USERID) REFERENCES USERBASE(USERID));


INSERT INTO USERPROFILE VALUES (101, '/images/ash1996.png', 'Just a chill gamer who loves RPGs.');
INSERT INTO USERPROFILE VALUES (102, '/images/xcoopx.jpg', 'Speedrunner. Fighter. Sleeper.');
INSERT INTO USERPROFILE VALUES (103, '/images/gravygavy.jpg', 'Retro games and strategy pro.');
INSERT INTO USERPROFILE VALUES (104, '/images/whocarescool.gif', 'Always online, always sarcastic.');
INSERT INTO USERPROFILE VALUES (105, '/images/wills_son.jpg', 'Let’s squad up for PvP!');


DROP TABLE SECURITYQUESTION;
CREATE TABLE SECURITYQUESTION (
  QUESTIONID  NUMBER,
  USERID      NUMBER(3),
  QUESTION   VARCHAR2(250),
  ANSWER VARCHAR2(250),
  CONSTRAINT PK_QUESTIONID PRIMARY KEY (QUESTIONID),
  CONSTRAINT FK_USERID FOREIGN KEY (USERID) REFERENCES USERBASE(USERID)
);
INSERT INTO SECURITYQUESTION VALUES (1, 101, '/images/ash1996.png', 'Just a chill gamer who loves RPGs.');
INSERT INTO SECURITYQUESTION VALUES (2, 102, '/images/xcoopx.jpg', 'Speedrunner. Fighter. Sleeper.');
INSERT INTO SECURITYQUESTION VALUES (3, 103, '/images/gravygavy.jpg', 'Retro games and strategy pro.');
INSERT INTO SECURITYQUESTION VALUES (4, 104, '/images/whocarescool.gif', 'Always online, always sarcastic.');
INSERT INTO SECURITYQUESTION VALUES (5, 105, '/images/wills_son.jpg', 'Let’s squad up for PvP!');

 
DROP TABLE COMMUNITYRULES;
CREATE TABLE COMMUNITYRULES (
  RULENUM      NUMBER(3),
  TITLE   VARCHAR2(250),
  DESCRIPTION  VARCHAR2(250),
  SEVERITYPOINT NUMBER(4),
  CONSTRAINT PK_RULENUM PRIMARY KEY (RULENUM)
);
INSERT INTO COMMUNITYRULES VALUES (1, 'No Harassment', 'Treat everyone with respect and kindness.', 10);
INSERT INTO COMMUNITYRULES VALUES (2, 'No Spamming', 'Avoid repeated or irrelevant posts.', 7);
INSERT INTO COMMUNITYRULES VALUES (3, 'Keep it PG-13', 'No adult content or offensive language.', 9);
INSERT INTO COMMUNITYRULES VALUES (4, 'Respect Mods', 'Follow instructions from moderators.', 8);
INSERT INTO COMMUNITYRULES VALUES (5, 'No Hate Speech', 'Zero tolerance for racism, sexism, etc.', 12);
 
DROP TABLE INFRACTIONS;
CREATE TABLE INFRACTIONS (
  INFRACTIONID NUMBER,
  USERID  NUMBER(3),
  RULENUM NUMBER(3),
  DATEASSIGNED DATE,
  DESCRIPTION VARCHAR2(250),
  CONSTRAINT PK_INFRACTIONID PRIMARY KEY (INFRACTIONID),
  CONSTRAINT FK_USERBASE_USERID FOREIGN KEY (USERID) REFERENCES USERBASE(USERID),
  CONSTRAINT FK_INFRACTIONS_RULENUM FOREIGN KEY (RULENUM) REFERENCES COMMUNITYRULES(RULENUM)
);
INSERT INTO INFRACTIONS VALUES (1, 101, 1, '01/01/2001', 'HELLOWORLD');
INSERT INTO INFRACTIONS VALUES (2, 102, 2, '01/01/2001', 'HELLOWORLD');
INSERT INTO INFRACTIONS VALUES (3, 103, 3, '01/01/2001', 'HELLOWORLD');
INSERT INTO INFRACTIONS VALUES (4, 104, 4, '01/01/2001', 'HELLOWORLD');
INSERT INTO INFRACTIONS VALUES (5, 105, 5, '01/01/2001', 'HELLOWORLD');

DROP TABLE USERNOTIFICATIONS;
CREATE TABLE USERSUPPORT (
  TICKETID      NUMBER,
  EMAIL         VARCHAR2(250),
  ISSUE         VARCHAR2(250),
  DATESUBMITTED DATE,
  DATEUPDATED   DATE,
  STATUS        VARCHAR2(250),
  CONSTRAINT PK_TICKETID PRIMARY KEY (TICKETID)
);
INSERT INTO USERSUPPORT VALUES (1, 'JOHNDOE@THIS.COM', 'TIS BUT A SCRATCH', '12/01/2022', '01/01/2023', 'NEW');
INSERT INTO USERSUPPORT VALUES (2, 'BARRYALLEN@THIS.COM', 'I AM SPEED', '09/01/2022', '01/01/2023', 'IN PROGRESS');
INSERT INTO USERSUPPORT VALUES (3, 'BLUEBEATTLE@THIS.COM', 'IM A HERO', '12/31/2022', '01/01/2023', 'NEW');
INSERT INTO USERSUPPORT VALUES (4, 'CLARKKENT@THIS.COM', 'FASTER THAN A SPEEDING BULLET', '01/01/2023', '01/01/2023', 'NEW');
INSERT INTO USERSUPPORT VALUES (5, 'BRUCEWAYNE@THIS.COM', 'I AM BATMAN', '06/01/2022', '01/01/2023', 'IN PROGRESS');


